,original-original,original-asymmetric_premise,original-asymmetric_conclusion,negation-original,negation-asymmetric_premise,negation-asymmetric_conclusion,antonym-original,antonym-asymmetric_premise,antonym-asymmetric_conclusion,paraphrase-original,paraphrase-asymmetric_premise,paraphrase-asymmetric_conclusion,paraphrase_inversion-original,paraphrase_inversion-asymmetric_premise,paraphrase_inversion-asymmetric_conclusion,negation_antonym-original,negation_antonym-asymmetric_premise,negation_antonym-asymmetric_conclusion,negation_paraphrase-original,negation_paraphrase-asymmetric_premise,negation_paraphrase-asymmetric_conclusion,negation_paraphrase_inversion-original,negation_paraphrase_inversion-asymmetric_premise,negation_paraphrase_inversion-asymmetric_conclusion
0,0.805,0.205,0.215,0.16499999999999998,0.85,0.85,0.38,0.795,0.8099999999999999,0.8,0.2,0.2,0.5249999999999999,0.6599999999999999,0.6399999999999999,0.805,0.16499999999999998,0.16999999999999998,0.205,0.795,0.8,0.75,0.2,0.2
1,0.85,0.35,0.335,0.2,0.85,0.85,0.225,0.805,0.8,0.845,0.195,0.2,0.255,0.6599999999999999,0.7350000000000001,0.85,0.2,0.2,0.155,0.835,0.8300000000000001,0.8,0.15,0.15
2,0.8,0.1,0.1,0.16,0.8300000000000001,0.8099999999999999,0.15,0.73,0.8300000000000001,0.7,0.2,0.2,0.12,0.8800000000000001,0.8699999999999999,0.9,0.1,0.1,0.24,0.65,0.6900000000000001,0.8,0.1,0.1
3,1.0,0.25,0.25,0.05,1.0,1.0,0.025,1.0,1.0,0.975,0.225,0.2,0.025,1.0,1.0,1.0,0.0,0.0,0.0,1.0,1.0,1.0,0.0,0.0
4,1.0,0.0,0.0,0.31666666666666665,1.0,0.9666666666666667,0.6333333333333333,0.9833333333333334,0.9666666666666667,1.0,0.0,0.0,0.7000000000000001,0.46666666666666673,0.44999999999999996,1.0,0.0,0.0,0.5333333333333333,0.9166666666666666,0.8833333333333333,1.0,0.0,0.0
