,original-original,original-asymmetric_premise,original-asymmetric_conclusion,negation-original,negation-asymmetric_premise,negation-asymmetric_conclusion,antonym-original,antonym-asymmetric_premise,antonym-asymmetric_conclusion,paraphrase-original,paraphrase-asymmetric_premise,paraphrase-asymmetric_conclusion,paraphrase_inversion-original,paraphrase_inversion-asymmetric_premise,paraphrase_inversion-asymmetric_conclusion,negation_antonym-original,negation_antonym-asymmetric_premise,negation_antonym-asymmetric_conclusion,negation_paraphrase-original,negation_paraphrase-asymmetric_premise,negation_paraphrase-asymmetric_conclusion,negation_paraphrase_inversion-original,negation_paraphrase_inversion-asymmetric_premise,negation_paraphrase_inversion-asymmetric_conclusion
0,0.465,0.52,0.51,0.51,0.515,0.51,0.485,0.52,0.5349999999999999,0.5149999999999999,0.4600000000000001,0.44499999999999995,0.65,0.325,0.34500000000000003,0.5599999999999999,0.42000000000000004,0.43499999999999994,0.5349999999999999,0.43,0.45499999999999996,0.36,0.6199999999999999,0.635
1,0.5700000000000001,0.48,0.44000000000000006,0.48,0.5,0.49000000000000005,0.55,0.42000000000000004,0.42000000000000004,0.67,0.32,0.3,0.5,0.4,0.4,0.5599999999999999,0.45999999999999996,0.45,0.4,0.6,0.6,0.47000000000000003,0.47000000000000003,0.44000000000000006
2,0.25,0.725,0.7,0.5,0.5,0.5,0.75,0.25,0.25,0.25,0.725,0.725,0.5,0.6,0.55,0.5,0.5,0.5,0.5,0.375,0.35,0.5,0.5,0.5
3,0.5153846153846154,0.46538461538461545,0.46923076923076923,0.46153846153846156,0.5692307692307692,0.5576923076923077,0.43076923076923074,0.5730769230769232,0.5769230769230769,0.5423076923076923,0.46923076923076923,0.45769230769230773,0.5461538461538462,0.4538461538461538,0.44999999999999996,0.5269230769230769,0.4846153846153846,0.4807692307692308,0.44999999999999996,0.5615384615384614,0.55,0.45769230769230773,0.5423076923076923,0.5346153846153846
