,original-original,original-asymmetric_premise,original-asymmetric_conclusion,negation-original,negation-asymmetric_premise,negation-asymmetric_conclusion,antonym-original,antonym-asymmetric_premise,antonym-asymmetric_conclusion,paraphrase-original,paraphrase-asymmetric_premise,paraphrase-asymmetric_conclusion,paraphrase_inversion-original,paraphrase_inversion-asymmetric_premise,paraphrase_inversion-asymmetric_conclusion,negation_antonym-original,negation_antonym-asymmetric_premise,negation_antonym-asymmetric_conclusion,negation_paraphrase-original,negation_paraphrase-asymmetric_premise,negation_paraphrase-asymmetric_conclusion,negation_paraphrase_inversion-original,negation_paraphrase_inversion-asymmetric_premise,negation_paraphrase_inversion-asymmetric_conclusion
0,0.0,0.025,0.034999999999999996,0.0,0.0,0.0,0.045,0.045,0.034999999999999996,0.0,0.005,0.0,0.0,0.0,0.0,0.01,0.0,0.0,0.0,0.0,0.0,0.0,0.0,0.0
1,0.45999999999999996,0.15999999999999998,0.13,0.3,0.06999999999999999,0.1,0.22000000000000003,0.05,0.02,0.3,0.11000000000000001,0.1,0.08,0.0,0.0,0.1,0.15,0.1,0.33999999999999997,0.06,0.06999999999999999,0.04,0.1,0.1
2,0.25,0.55,0.625,0.1,0.07500000000000001,0.25,0.3,0.825,0.8,0.175,0.375,0.47500000000000003,0.0,0.65,0.575,0.025,0.25,0.25,0.175,0.025,0.2,0.025,0.2,0.125
3,0.3076923076923077,0.5384615384615384,0.5692307692307692,0.24615384615384617,0.13076923076923078,0.15769230769230771,0.15384615384615385,0.4076923076923077,0.43461538461538457,0.28846153846153844,0.4884615384615385,0.4961538461538462,0.21923076923076923,0.45000000000000007,0.4653846153846154,0.16923076923076924,0.25,0.27692307692307694,0.3153846153846154,0.1346153846153846,0.1153846153846154,0.18846153846153849,0.1769230769230769,0.2
