,original-original,original-asymmetric_premise,original-asymmetric_conclusion,negation-original,negation-asymmetric_premise,negation-asymmetric_conclusion,antonym-original,antonym-asymmetric_premise,antonym-asymmetric_conclusion,paraphrase-original,paraphrase-asymmetric_premise,paraphrase-asymmetric_conclusion,paraphrase_inversion-original,paraphrase_inversion-asymmetric_premise,paraphrase_inversion-asymmetric_conclusion,negation_antonym-original,negation_antonym-asymmetric_premise,negation_antonym-asymmetric_conclusion,negation_paraphrase-original,negation_paraphrase-asymmetric_premise,negation_paraphrase-asymmetric_conclusion,negation_paraphrase_inversion-original,negation_paraphrase_inversion-asymmetric_premise,negation_paraphrase_inversion-asymmetric_conclusion
0,0.0,0.0,0.0,0.04,0.0,0.0,0.0,0.0,0.0,0.0,0.0,0.0,0.0,0.0,0.0,0.0,0.045,0.04,0.0,0.0,0.0,0.0,0.0,0.0
1,0.0,0.06,0.08,0.13999999999999999,0.11000000000000001,0.12,0.0,0.0,0.0,0.04,0.0,0.0,0.0,0.0,0.0,0.0,0.0,0.0,0.0,0.01,0.0,0.0,0.0,0.0
2,0.25,0.025,0.0,0.25,0.175,0.15,0.15,0.25,0.25,0.25,0.0,0.0,0.0,0.175,0.2,0.025,0.25,0.25,0.125,0.15,0.2,0.0,0.225,0.25
3,0.11153846153846153,0.08076923076923077,0.09615384615384616,0.10384615384615385,0.06923076923076923,0.07692307692307693,0.05000000000000001,0.038461538461538464,0.04230769230769231,0.07692307692307693,0.07692307692307693,0.07692307692307693,0.038461538461538464,0.019230769230769232,0.015384615384615385,0.0923076923076923,0.07692307692307693,0.07307692307692307,0.09615384615384616,0.11538461538461539,0.1423076923076923,0.06923076923076923,0.038461538461538464,0.03461538461538462
